source,destination,poids
S01,S02,16
S01,S03,21
S01,S04,11
S01,S05,23
S01,S06,15
S01,S07,23
S01,S08,18
S01,S09,17
S01,S10,16
S01,S11,20
S01,S12,13
S01,S13,21
S01,S14,20
S01,S15,19
S01,S16,29
S01,S17,14
S01,S18,14
S01,S19,19
S01,S20,19
S01,S21,16
S01,S22,13
S01,S23,21
S01,S24,14
S01,S25,20
S01,S26,22
S01,S27,18
S01,S28,12
S01,S29,18
S01,S30,20
S01,S31,26
S01,S32,8
S01,S33,29
S01,S34,20
S01,S35,23
S01,S36,19
S02,S01,24
S02,S03,16
S02,S04,14
S02,S05,25
S02,S06,17
S02,S07,22
S02,S08,16
S02,S09,22
S02,S10,17
S02,S11,14
S02,S12,14
S02,S13,19
S02,S14,23
S02,S15,17
S02,S16,22
S02,S17,21
S02,S18,21
S02,S19,21
S02,S20,14
S02,S21,22
S02,S22,26
S02,S23,19
S02,S24,21
S02,S25,26
S02,S26,18
S02,S27,21
S02,S28,14
S02,S29,14
S02,S30,21
S02,S31,19
S02,S32,19
S02,S33,18
S02,S34,22
S02,S35,20
S02,S36,27
S03,S01,21
S03,S02,20
S03,S04,20
S03,S05,12
S03,S06,23
S03,S07,10
S03,S08,26
S03,S09,18
S03,S10,20
S03,S11,22
S03,S12,20
S03,S13,15
S03,S14,24
S03,S15,22
S03,S16,17
S03,S17,18
S03,S18,20
S03,S19,19
S03,S20,21
S03,S21,13
S03,S22,24
S03,S23,16
S03,S24,16
S03,S25,21
S03,S26,19
S03,S27,21
S03,S28,18
S03,S29,11
S03,S30,23
S03,S31,19
S03,S32,22
S03,S33,19
S03,S34,18
S03,S35,26
S03,S36,16
S04,S01,20
S04,S02,24
S04,S03,25
S04,S05,16
S04,S06,20
S04,S07,23
S04,S08,15
S04,S09,16
S04,S10,19
S04,S11,22
S04,S12,22
S04,S13,24
S04,S14,13
S04,S15,17
S04,S16,23
S04,S17,17
S04,S18,25
S04,S19,13
S04,S20,24
S04,S21,24
S04,S22,17
S04,S23,18
S04,S24,22
S04,S25,18
S04,S26,18
S04,S27,17
S04,S28,29
S04,S29,17
S04,S30,20
S04,S31,24
S04,S32,17
S04,S33,12
S04,S34,17
S04,S35,17
S04,S36,17
S05,S01,21
S05,S02,18
S05,S03,26
S05,S04,21
S05,S06,18
S05,S07,17
S05,S08,15
S05,S09,11
S05,S10,18
S05,S11,16
S05,S12,18
S05,S13,19
S05,S14,18
S05,S15,19
S05,S16,23
S05,S17,18
S05,S18,24
S05,S19,21
S05,S20,16
S05,S21,20
S05,S22,21
S05,S23,16
S05,S24,18
S05,S25,20
S05,S26,17
S05,S27,14
S05,S28,21
S05,S29,22
S05,S30,22
S05,S31,31
S05,S32,17
S05,S33,16
S05,S34,21
S05,S35,22
S05,S36,15
S06,S01,22
S06,S02,18
S06,S03,26
S06,S04,18
S06,S05,11
S06,S07,16
S06,S08,20
S06,S09,23
S06,S10,20
S06,S11,22
S06,S12,23
S06,S13,15
S06,S14,15
S06,S15,18
S06,S16,24
S06,S17,17
S06,S18,16
S06,S19,19
S06,S20,16
S06,S21,25
S06,S22,22
S06,S23,16
S06,S24,17
S06,S25,18
S06,S26,13
S06,S27,19
S06,S28,15
S06,S29,14
S06,S30,21
S06,S31,15
S06,S32,23
S06,S33,16
S06,S34,21
S06,S35,18
S06,S36,15
S07,S01,20
S07,S02,18
S07,S03,8
S07,S04,13
S07,S05,29
S07,S06,23
S07,S08,16
S07,S09,31
S07,S10,20
S07,S11,16
S07,S12,21
S07,S13,20
S07,S14,22
S07,S15,18
S07,S16,17
S07,S17,22
S07,S18,19
S07,S19,22
S07,S20,13
S07,S21,10
S07,S22,22
S07,S23,26
S07,S24,18
S07,S25,20
S07,S26,23
S07,S27,14
S07,S28,20
S07,S29,15
S07,S30,26
S07,S31,19
S07,S32,16
S07,S33,26
S07,S34,15
S07,S35,19
S07,S36,15
S08,S01,12
S08,S02,19
S08,S03,20
S08,S04,15
S08,S05,23
S08,S06,13
S08,S07,15
S08,S09,17
S08,S10,15
S08,S11,21
S08,S12,14
S08,S13,15
S08,S14,17
S08,S15,13
S08,S16,20
S08,S17,19
S08,S18,18
S08,S19,15
S08,S20,18
S08,S21,32
S08,S22,22
S08,S23,10
S08,S24,22
S08,S25,11
S08,S26,25
S08,S27,21
S08,S28,23
S08,S29,18
S08,S30,18
S08,S31,19
S08,S32,21
S08,S33,24
S08,S34,24
S08,S35,19
S08,S36,19
S09,S01,20
S09,S02,19
S09,S03,17
S09,S04,20
S09,S05,10
S09,S06,19
S09,S07,31
S09,S08,23
S09,S10,29
S09,S11,18
S09,S12,19
S09,S13,21
S09,S14,17
S09,S15,16
S09,S16,15
S09,S17,14
S09,S18,18
S09,S19,23
S09,S20,22
S09,S21,19
S09,S22,17
S09,S23,20
S09,S24,25
S09,S25,18
S09,S26,22
S09,S27,10
S09,S28,16
S09,S29,23
S09,S30,20
S09,S31,15
S09,S32,16
S09,S33,13
S09,S34,13
S09,S35,20
S09,S36,11
S10,S01,21
S10,S02,13
S10,S03,16
S10,S04,15
S10,S05,17
S10,S06,20
S10,S07,24
S10,S08,22
S10,S09,18
S10,S11,20
S10,S12,24
S10,S13,24
S10,S14,16
S10,S15,18
S10,S16,13
S10,S17,18
S10,S18,11
S10,S19,12
S10,S20,22
S10,S21,17
S10,S22,20
S10,S23,22
S10,S24,18
S10,S25,21
S10,S26,12
S10,S27,11
S10,S28,23
S10,S29,20
S10,S30,25
S10,S31,12
S10,S32,17
S10,S33,22
S10,S34,17
S10,S35,13
S10,S36,22
S11,S01,19
S11,S02,15
S11,S03,13
S11,S04,22
S11,S05,29
S11,S06,15
S11,S07,13
S11,S08,12
S11,S09,19
S11,S10,23
S11,S12,21
S11,S13,16
S11,S14,14
S11,S15,16
S11,S16,14
S11,S17,19
S11,S18,17
S11,S19,20
S11,S20,17
S11,S21,15
S11,S22,19
S11,S23,18
S11,S24,17
S11,S25,19
S11,S26,18
S11,S27,19
S11,S28,20
S11,S29,25
S11,S30,19
S11,S31,23
S11,S32,20
S11,S33,17
S11,S34,23
S11,S35,18
S11,S36,20
S12,S01,18
S12,S02,22
S12,S03,11
S12,S04,18
S12,S05,25
S12,S06,18
S12,S07,16
S12,S08,19
S12,S09,26
S12,S10,23
S12,S11,15
S12,S13,21
S12,S14,16
S12,S15,21
S12,S16,20
S12,S17,20
S12,S18,10
S12,S19,15
S12,S20,20
S12,S21,15
S12,S22,11
S12,S23,15
S12,S24,15
S12,S25,21
S12,S26,27
S12,S27,11
S12,S28,25
S12,S29,22
S12,S30,27
S12,S31,18
S12,S32,21
S12,S33,19
S12,S34,19
S12,S35,19
S12,S36,13
S13,S01,25
S13,S02,17
S13,S03,21
S13,S04,15
S13,S05,17
S13,S06,23
S13,S07,20
S13,S08,19
S13,S09,18
S13,S10,24
S13,S11,23
S13,S12,26
S13,S14,12
S13,S15,26
S13,S16,20
S13,S17,20
S13,S18,22
S13,S19,17
S13,S20,21
S13,S21,15
S13,S22,16
S13,S23,14
S13,S24,11
S13,S25,16
S13,S26,20
S13,S27,21
S13,S28,25
S13,S29,20
S13,S30,17
S13,S31,18
S13,S32,15
S13,S33,23
S13,S34,16
S13,S35,12
S13,S36,23
S14,S01,21
S14,S02,25
S14,S03,10
S14,S04,28
S14,S05,16
S14,S06,16
S14,S07,21
S14,S08,13
S14,S09,22
S14,S10,27
S14,S11,22
S14,S12,26
S14,S13,17
S14,S15,22
S14,S16,29
S14,S17,22
S14,S18,23
S14,S19,21
S14,S20,29
S14,S21,20
S14,S22,24
S14,S23,20
S14,S24,15
S14,S25,23
S14,S26,21
S14,S27,21
S14,S28,26
S14,S29,21
S14,S30,13
S14,S31,18
S14,S32,16
S14,S33,23
S14,S34,19
S14,S35,14
S14,S36,20
S15,S01,19
S15,S02,13
S15,S03,19
S15,S04,17
S15,S05,20
S15,S06,24
S15,S07,29
S15,S08,9
S15,S09,22
S15,S10,21
S15,S11,22
S15,S12,18
S15,S13,22
S15,S14,25
S15,S16,19
S15,S17,31
S15,S18,19
S15,S19,20
S15,S20,16
S15,S21,19
S15,S22,15
S15,S23,19
S15,S24,16
S15,S25,28
S15,S26,22
S15,S27,24
S15,S28,13
S15,S29,14
S15,S30,19
S15,S31,15
S15,S32,12
S15,S33,17
S15,S34,23
S15,S35,16
S15,S36,22
S16,S01,12
S16,S02,21
S16,S03,15
S16,S04,20
S16,S05,24
S16,S06,19
S16,S07,29
S16,S08,12
S16,S09,15
S16,S10,22
S16,S11,26
S16,S12,27
S16,S13,18
S16,S14,16
S16,S15,19
S16,S17,21
S16,S18,24
S16,S19,20
S16,S20,16
S16,S21,27
S16,S22,23
S16,S23,21
S16,S24,31
S16,S25,22
S16,S26,30
S16,S27,15
S16,S28,13
S16,S29,16
S16,S30,12
S16,S31,20
S16,S32,24
S16,S33,21
S16,S34,17
S16,S35,25
S16,S36,18
S17,S01,18
S17,S02,22
S17,S03,27
S17,S04,17
S17,S05,15
S17,S06,17
S17,S07,14
S17,S08,17
S17,S09,21
S17,S10,20
S17,S11,27
S17,S12,15
S17,S13,13
S17,S14,25
S17,S15,24
S17,S16,13
S17,S18,18
S17,S19,15
S17,S20,17
S17,S21,18
S17,S22,17
S17,S23,18
S17,S24,19
S17,S25,25
S17,S26,19
S17,S27,20
S17,S28,25
S17,S29,14
S17,S30,23
S17,S31,15
S17,S32,24
S17,S33,18
S17,S34,9
S17,S35,13
S17,S36,23
S18,S01,15
S18,S02,20
S18,S03,23
S18,S04,15
S18,S05,16
S18,S06,26
S18,S07,18
S18,S08,20
S18,S09,18
S18,S10,17
S18,S11,17
S18,S12,23
S18,S13,12
S18,S14,22
S18,S15,24
S18,S16,19
S18,S17,16
S18,S19,14
S18,S20,21
S18,S21,24
S18,S22,21
S18,S23,15
S18,S24,23
S18,S25,16
S18,S26,21
S18,S27,21
S18,S28,22
S18,S29,28
S18,S30,16
S18,S31,22
S18,S32,16
S18,S33,20
S18,S34,18
S18,S35,24
S18,S36,16
S19,S01,19
S19,S02,21
S19,S03,21
S19,S04,15
S19,S05,16
S19,S06,14
S19,S07,19
S19,S08,19
S19,S09,20
S19,S10,17
S19,S11,20
S19,S12,18
S19,S13,15
S19,S14,17
S19,S15,23
S19,S16,19
S19,S17,20
S19,S18,21
S19,S20,15
S19,S21,22
S19,S22,16
S19,S23,20
S19,S24,15
S19,S25,19
S19,S26,10
S19,S27,20
S19,S28,18
S19,S29,22
S19,S30,16
S19,S31,17
S19,S32,20
S19,S33,17
S19,S34,27
S19,S35,24
S19,S36,20
S20,S01,28
S20,S02,22
S20,S03,13
S20,S04,15
S20,S05,18
S20,S06,17
S20,S07,17
S20,S08,21
S20,S09,25
S20,S10,23
S20,S11,24
S20,S12,16
S20,S13,22
S20,S14,26
S20,S15,16
S20,S16,15
S20,S17,14
S20,S18,22
S20,S19,21
S20,S21,11
S20,S22,26
S20,S23,13
S20,S24,22
S20,S25,17
S20,S26,19
S20,S27,21
S20,S28,11
S20,S29,18
S20,S30,16
S20,S31,8
S20,S32,20
S20,S33,23
S20,S34,16
S20,S35,16
S20,S36,22
S21,S01,25
S21,S02,23
S21,S03,22
S21,S04,25
S21,S05,21
S21,S06,24
S21,S07,17
S21,S08,13
S21,S09,11
S21,S10,23
S21,S11,23
S21,S12,15
S21,S13,21
S21,S14,19
S21,S15,18
S21,S16,17
S21,S17,19
S21,S18,23
S21,S19,19
S21,S20,25
S21,S22,16
S21,S23,22
S21,S24,15
S21,S25,17
S21,S26,20
S21,S27,23
S21,S28,24
S21,S29,18
S21,S30,12
S21,S31,25
S21,S32,22
S21,S33,15
S21,S34,16
S21,S35,22
S21,S36,19
S22,S01,19
S22,S02,22
S22,S03,20
S22,S04,13
S22,S05,13
S22,S06,17
S22,S07,20
S22,S08,21
S22,S09,20
S22,S10,19
S22,S11,26
S22,S12,24
S22,S13,14
S22,S14,18
S22,S15,26
S22,S16,19
S22,S17,14
S22,S18,22
S22,S19,17
S22,S20,18
S22,S21,16
S22,S23,17
S22,S24,21
S22,S25,25
S22,S26,20
S22,S27,21
S22,S28,13
S22,S29,22
S22,S30,21
S22,S31,19
S22,S32,21
S22,S33,14
S22,S34,17
S22,S35,20
S22,S36,16
S23,S01,18
S23,S02,16
S23,S03,14
S23,S04,18
S23,S05,14
S23,S06,15
S23,S07,25
S23,S08,19
S23,S09,17
S23,S10,18
S23,S11,18
S23,S12,13
S23,S13,17
S23,S14,24
S23,S15,23
S23,S16,21
S23,S17,21
S23,S18,17
S23,S19,24
S23,S20,15
S23,S21,16
S23,S22,19
S23,S24,25
S23,S25,27
S23,S26,22
S23,S27,23
S23,S28,15
S23,S29,18
S23,S30,18
S23,S31,19
S23,S32,17
S23,S33,26
S23,S34,18
S23,S35,24
S23,S36,13
S24,S01,22
S24,S02,18
S24,S03,14
S24,S04,18
S24,S05,22
S24,S06,18
S24,S07,24
S24,S08,20
S24,S09,24
S24,S10,22
S24,S11,22
S24,S12,18
S24,S13,14
S24,S14,15
S24,S15,18
S24,S16,18
S24,S17,18
S24,S18,14
S24,S19,21
S24,S20,18
S24,S21,22
S24,S22,19
S24,S23,15
S24,S25,19
S24,S26,20
S24,S27,20
S24,S28,17
S24,S29,26
S24,S30,16
S24,S31,14
S24,S32,20
S24,S33,8
S24,S34,17
S24,S35,21
S24,S36,16
S25,S01,29
S25,S02,24
S25,S03,9
S25,S04,22
S25,S05,24
S25,S06,21
S25,S07,27
S25,S08,18
S25,S09,18
S25,S10,17
S25,S11,18
S25,S12,22
S25,S13,24
S25,S14,23
S25,S15,23
S25,S16,22
S25,S17,18
S25,S18,15
S25,S19,15
S25,S20,15
S25,S21,17
S25,S22,22
S25,S23,21
S25,S24,22
S25,S26,26
S25,S27,20
S25,S28,24
S25,S29,21
S25,S30,22
S25,S31,17
S25,S32,17
S25,S33,12
S25,S34,24
S25,S35,25
S25,S36,22
S26,S01,15
S26,S02,22
S26,S03,21
S26,S04,16
S26,S05,20
S26,S06,15
S26,S07,8
S26,S08,20
S26,S09,9
S26,S10,23
S26,S11,19
S26,S12,21
S26,S13,18
S26,S14,18
S26,S15,24
S26,S16,24
S26,S17,17
S26,S18,24
S26,S19,24
S26,S20,18
S26,S21,11
S26,S22,23
S26,S23,19
S26,S24,19
S26,S25,24
S26,S27,22
S26,S28,21
S26,S29,20
S26,S30,25
S26,S31,13
S26,S32,24
S26,S33,20
S26,S34,17
S26,S35,21
S26,S36,20
S27,S01,11
S27,S02,19
S27,S03,14
S27,S04,22
S27,S05,14
S27,S06,23
S27,S07,20
S27,S08,23
S27,S09,21
S27,S10,24
S27,S11,19
S27,S12,21
S27,S13,33
S27,S14,18
S27,S15,22
S27,S16,14
S27,S17,24
S27,S18,19
S27,S19,18
S27,S20,22
S27,S21,12
S27,S22,19
S27,S23,19
S27,S24,19
S27,S25,22
S27,S26,22
S27,S28,21
S27,S29,19
S27,S30,17
S27,S31,16
S27,S32,17
S27,S33,23
S27,S34,21
S27,S35,18
S27,S36,8
S28,S01,20
S28,S02,18
S28,S03,22
S28,S04,17
S28,S05,13
S28,S06,15
S28,S07,17
S28,S08,20
S28,S09,16
S28,S10,14
S28,S11,22
S28,S12,27
S28,S13,20
S28,S14,22
S28,S15,20
S28,S16,16
S28,S17,20
S28,S18,19
S28,S19,25
S28,S20,8
S28,S21,15
S28,S22,13
S28,S23,14
S28,S24,24
S28,S25,22
S28,S26,18
S28,S27,24
S28,S29,18
S28,S30,16
S28,S31,22
S28,S32,21
S28,S33,21
S28,S34,17
S28,S35,21
S28,S36,20
S29,S01,19
S29,S02,19
S29,S03,18
S29,S04,20
S29,S05,19
S29,S06,15
S29,S07,24
S29,S08,19
S29,S09,19
S29,S10,16
S29,S11,25
S29,S12,22
S29,S13,14
S29,S14,23
S29,S15,18
S29,S16,16
S29,S17,13
S29,S18,21
S29,S19,27
S29,S20,10
S29,S21,23
S29,S22,22
S29,S23,16
S29,S24,25
S29,S25,22
S29,S26,18
S29,S27,21
S29,S28,18
S29,S30,9
S29,S31,12
S29,S32,25
S29,S33,19
S29,S34,17
S29,S35,15
S29,S36,20
S30,S01,11
S30,S02,15
S30,S03,16
S30,S04,14
S30,S05,20
S30,S06,20
S30,S07,23
S30,S08,17
S30,S09,23
S30,S10,20
S30,S11,18
S30,S12,21
S30,S13,15
S30,S14,23
S30,S15,18
S30,S16,16
S30,S17,12
S30,S18,19
S30,S19,27
S30,S20,22
S30,S21,15
S30,S22,19
S30,S23,24
S30,S24,19
S30,S25,15
S30,S26,20
S30,S27,12
S30,S28,23
S30,S29,15
S30,S31,17
S30,S32,13
S30,S33,17
S30,S34,22
S30,S35,17
S30,S36,15
S31,S01,27
S31,S02,17
S31,S03,23
S31,S04,28
S31,S05,20
S31,S06,16
S31,S07,17
S31,S08,27
S31,S09,13
S31,S10,20
S31,S11,17
S31,S12,23
S31,S13,22
S31,S14,17
S31,S15,22
S31,S16,19
S31,S17,17
S31,S18,21
S31,S19,18
S31,S20,15
S31,S21,24
S31,S22,13
S31,S23,12
S31,S24,24
S31,S25,15
S31,S26,13
S31,S27,24
S31,S28,20
S31,S29,17
S31,S30,10
S31,S32,14
S31,S33,27
S31,S34,22
S31,S35,15
S31,S36,24
S32,S01,19
S32,S02,20
S32,S03,21
S32,S04,16
S32,S05,16
S32,S06,17
S32,S07,21
S32,S08,21
S32,S09,21
S32,S10,25
S32,S11,18
S32,S12,17
S32,S13,27
S32,S14,16
S32,S15,15
S32,S16,14
S32,S17,20
S32,S18,16
S32,S19,26
S32,S20,17
S32,S21,17
S32,S22,22
S32,S23,30
S32,S24,17
S32,S25,18
S32,S26,13
S32,S27,22
S32,S28,14
S32,S29,17
S32,S30,15
S32,S31,16
S32,S33,18
S32,S34,17
S32,S35,19
S32,S36,16
S33,S01,23
S33,S02,23
S33,S03,26
S33,S04,22
S33,S05,13
S33,S06,19
S33,S07,20
S33,S08,10
S33,S09,11
S33,S10,15
S33,S11,14
S33,S12,19
S33,S13,17
S33,S14,16
S33,S15,25
S33,S16,14
S33,S17,30
S33,S18,19
S33,S19,21
S33,S20,17
S33,S21,20
S33,S22,17
S33,S23,12
S33,S24,18
S33,S25,16
S33,S26,14
S33,S27,14
S33,S28,9
S33,S29,20
S33,S30,20
S33,S31,20
S33,S32,21
S33,S34,17
S33,S35,27
S33,S36,21
S34,S01,23
S34,S02,29
S34,S03,23
S34,S04,19
S34,S05,24
S34,S06,27
S34,S07,17
S34,S08,20
S34,S09,22
S34,S10,18
S34,S11,17
S34,S12,10
S34,S13,18
S34,S14,24
S34,S15,13
S34,S16,16
S34,S17,22
S34,S18,17
S34,S19,20
S34,S20,18
S34,S21,16
S34,S22,25
S34,S23,25
S34,S24,19
S34,S25,9
S34,S26,21
S34,S27,24
S34,S28,15
S34,S29,19
S34,S30,15
S34,S31,17
S34,S32,11
S34,S33,19
S34,S35,16
S34,S36,26
S35,S01,14
S35,S02,15
S35,S03,16
S35,S04,19
S35,S05,19
S35,S06,20
S35,S07,18
S35,S08,18
S35,S09,17
S35,S10,14
S35,S11,21
S35,S12,16
S35,S13,32
S35,S14,15
S35,S15,10
S35,S16,23
S35,S17,10
S35,S18,17
S35,S19,27
S35,S20,30
S35,S21,18
S35,S22,12
S35,S23,17
S35,S24,24
S35,S25,24
S35,S26,22
S35,S27,14
S35,S28,18
S35,S29,22
S35,S30,20
S35,S31,17
S35,S32,22
S35,S33,25
S35,S34,18
S35,S36,18
S36,S01,24
S36,S02,25
S36,S03,22
S36,S04,15
S36,S05,20
S36,S06,17
S36,S07,22
S36,S08,15
S36,S09,14
S36,S10,21
S36,S11,19
S36,S12,21
S36,S13,16
S36,S14,16
S36,S15,17
S36,S16,22
S36,S17,23
S36,S18,27
S36,S19,27
S36,S20,13
S36,S21,9
S36,S22,17
S36,S23,22
S36,S24,24
S36,S25,19
S36,S26,18
S36,S27,20
S36,S28,20
S36,S29,27
S36,S30,18
S36,S31,28
S36,S32,16
S36,S33,18
S36,S34,23
S36,S35,15
