station_id,nom,degre_entrant,degre_sortant,degre_entrant_pondere,degre_sortant_pondere,degre_total_pondere
S01,Station 01,35,35,694,647,1341
S02,Station 02,35,35,688,686,1374
S03,Station 03,35,35,649,670,1319
S04,Station 04,35,35,633,682,1315
S05,Station 05,35,35,654,670,1324
S06,Station 06,35,35,656,647,1303
S07,Station 07,35,35,697,672,1369
S08,Station 08,35,35,633,647,1280
S09,Station 09,35,35,655,649,1304
S10,Station 10,35,35,700,636,1336
S11,Station 11,35,35,703,644,1347
S12,Station 12,35,35,688,652,1340
S13,Station 13,35,35,671,668,1339
S14,Station 14,35,35,665,724,1389
S15,Station 15,35,35,680,679,1359
S16,Station 16,35,35,662,711,1373
S17,Station 17,35,35,659,655,1314
S18,Station 18,35,35,672,679,1351
S19,Station 19,35,35,703,652,1355
S20,Station 20,35,35,638,654,1292
S21,Station 21,35,35,635,689,1324
S22,Station 22,35,35,670,665,1335
S23,Station 23,35,35,642,667,1309
S24,Station 24,35,35,690,648,1338
S25,Station 25,35,35,693,716,1409
S26,Station 26,35,35,683,675,1358
S27,Station 27,35,35,663,674,1337
S28,Station 28,35,35,661,657,1318
S29,Station 29,35,35,671,659,1330
S30,Station 30,35,35,648,633,1281
S31,Station 31,35,35,645,673,1318
S32,Station 32,35,35,645,654,1299
S33,Station 33,35,35,675,640,1315
S34,Station 34,35,35,658,674,1332
S35,Station 35,35,35,674,662,1336
S36,Station 36,35,35,647,690,1337
