station_id,nom,zone,nb_departs,nb_arrivees
S01,Station 01,1,647,694
S02,Station 02,1,686,688
S03,Station 03,1,670,649
S04,Station 04,1,682,633
S05,Station 05,1,670,654
S06,Station 06,1,647,656
S07,Station 07,1,672,697
S08,Station 08,1,647,633
S09,Station 09,1,649,655
S10,Station 10,1,636,700
S11,Station 11,1,644,703
S12,Station 12,1,652,688
S13,Station 13,2,668,671
S14,Station 14,2,724,665
S15,Station 15,2,679,680
S16,Station 16,2,711,662
S17,Station 17,2,655,659
S18,Station 18,2,679,672
S19,Station 19,2,652,703
S20,Station 20,2,654,638
S21,Station 21,2,689,635
S22,Station 22,2,665,670
S23,Station 23,2,667,642
S24,Station 24,2,648,690
S25,Station 25,3,716,693
S26,Station 26,3,675,683
S27,Station 27,3,674,663
S28,Station 28,3,657,661
S29,Station 29,3,659,671
S30,Station 30,3,633,648
S31,Station 31,3,673,645
S32,Station 32,3,654,645
S33,Station 33,3,640,675
S34,Station 34,3,674,658
S35,Station 35,3,662,674
S36,Station 36,3,690,647
