station_id,nom,zone,latitude,longitude
S01,Station 01,1,48.858,2.31566
S02,Station 02,1,48.90643,2.30671
S03,Station 03,1,48.8743,2.26518
S04,Station 04,1,48.89076,2.35857
S05,Station 05,1,48.90849,2.358
S06,Station 06,1,48.8262,2.38501
S07,Station 07,1,48.89539,2.27169
S08,Station 08,1,48.85629,2.30279
S09,Station 09,1,48.90766,2.42511
S10,Station 10,1,48.85741,2.3983
S11,Station 11,1,48.84094,2.37922
S12,Station 12,1,48.91765,2.3596
S13,Station 13,2,48.88214,2.33922
S14,Station 14,2,48.83646,2.30927
S15,Station 15,2,48.83203,2.4411
S16,Station 16,2,48.87586,2.40902
S17,Station 17,2,48.90487,2.43777
S18,Station 18,2,48.82634,2.31182
S19,Station 19,2,48.90266,2.29301
S20,Station 20,2,48.86955,2.35701
S21,Station 21,2,48.86927,2.27427
S22,Station 22,2,48.84068,2.37608
S23,Station 23,2,48.84765,2.30578
S24,Station 24,2,48.8908,2.28995
S25,Station 25,3,48.84736,2.27274
S26,Station 26,3,48.87956,2.36151
S27,Station 27,3,48.84756,2.41865
S28,Station 28,3,48.88199,2.35852
S29,Station 29,3,48.88256,2.30074
S30,Station 30,3,48.82163,2.38339
S31,Station 31,3,48.91058,2.27135
S32,Station 32,3,48.89407,2.42276
S33,Station 33,3,48.86664,2.43626
S34,Station 34,3,48.86742,2.36617
S35,Station 35,3,48.90737,2.35836
S36,Station 36,3,48.89869,2.27413
